Media Filename,Media Caption
media/584a585f-7898-41c4-85c7-b05debc16c4c.jpg,""
media/3d96a552-2021-44be-844a-8e8616858811.jpg,""
media/1ba9df48-20aa-4aa6-adb1-5642a42e2669.jpg,""
media/5dc80755-bbf0-4bc6-8364-6ab7a1db6afa.jpg,""
media/9feb70ec-7751-48b0-8608-3ab29b317db7.jpg,""
media/f368076d-7fc1-4c2e-8410-74e0f9c2e9bf.jpg,""
media/59c8a5ab-76c7-483c-b0d3-7886e8fd8cbe.jpg,""
media/80996253-dd22-4f92-b3e5-c7242eb17ee9.jpg,""
media/141A9769-EA18-415E-9A09-22B82E237981.jpg,""
media/231f2f6f-b576-4307-8215-6a71e8ce19ca.jpg,""
media/25fc4baf-b05d-4c63-8215-30e827ce26a5.jpg,""
media/9A42DC26-3DCF-40A0-A0E3-E9B6C14169CF.jpg,""
media/0ABC4F60-EB6E-4BE6-9BD0-56767845C4ED.jpg,""
media/556A0732-A535-4780-B0A7-D456AB7236BE.jpg,""
media/ce21aeb7-b9ba-4e92-9da0-47cdc45ff823.jpg,""
media/08f6be80-6497-48bc-9031-ea38992f17e1.jpg,""
media/4B6D290A-8B78-4657-8249-0470BECECA3A.jpg,""
media/f667ba8e-bef3-4a73-bef0-b09ae229999d.jpg,""
media/a57e54df-fba4-411c-b0b1-4aa3579ae2e8.jpg,""
media/4eb9363f-2bb4-4ffa-9997-e6ff61e82539.jpg,""
media/4e91b843-4011-435f-8102-1ce5351424ad.jpg,""
media/637c7695-4f19-4f8f-88e6-439ed8dbc6cc.jpg,""
media/2218F716-77DA-4EEE-8F06-B51B030F5A78.jpg,""
media/7B4FEE0F-2AB5-40D9-BE03-98514FF93501.jpg,""
media/0FA096D9-6F0F-4C86-B03C-4173497CCB62.jpg,""
media/684E9B99-23A2-4205-B335-BD9831F26AE3.jpg,""
media/d6055975-1cec-4265-8c88-ed97768bb0f2.jpg,""
media/1f8c42e5-2618-460f-a862-0cf05799e7c6.jpg,""
media/bec42ddc-bf1b-49cc-b8f2-be0af4bf1896.jpg,""
media/bfe67533-8049-4633-83b2-4b471cd21450.jpg,""
media/36300c56-a137-4b38-a4de-1ec4d4a56b5b.jpg,""
media/078D6F0D-7CC4-47F7-8E47-D237E010631A.jpg,""
media/6BC773C3-DF6D-480F-A19D-37DCF7E7481F.jpg,""
media/76cd3eb3-b6a5-4aed-b343-0e6c61ddf5ec.jpg,""
media/d343c110-6a4e-4931-8a04-cafd3c73c73a.jpg,""
media/26d88a7c-f6a7-4108-b171-b46eebde3017.jpg,""
media/04141b22-6353-4c16-af13-2c4a97a33c7e.jpg,""
media/b3176d20-f520-4732-ba5b-913f8fcb054b.jpg,""
media/3842e4c8-fe54-47b4-a789-8f7856eac6fa.jpg,""
media/534ed5be-35e8-4f96-9e77-0f81c8367f31.jpg,""
media/9E365A5F-5918-45CA-AAD0-21EECD280772.jpg,""
media/9F67E5C8-0016-44EE-885C-8FE498E8A8DD.jpg,""
media/A93A82BA-F52A-4A15-B7B2-5617ED127286.jpg,""
media/4B1E2AAC-A5D5-4375-8072-DCB7AF221122.jpg,""
media/5f75d4b0-503c-4103-8eac-248ad0704a8e.jpg,""
media/1ef2355b-b746-42a7-a7bb-acdefd4b3d8d.jpg,""
media/D83FF016-E892-4DCA-BC38-9DC91B6C9508.jpg,""
media/BE3F5EB7-021D-4E4C-9265-C6297594F75B.jpg,""
media/3C693417-D355-494B-A799-AFD738B007DE.jpg,""
media/C2925A25-4FC8-4AFB-916F-622AB6E1C20C.jpg,""
media/79585516-9A9E-4651-86B8-8E0E2286EEE5.jpg,""
media/41F0F989-62F1-4ED1-B9B0-D669F63E2BE1.jpg,""
media/8E00AF8F-E3A1-4B33-9892-BF64D54ABE87.jpg,""
media/95FBDCD6-1693-4FD7-8065-92FDC941E13A.jpg,""
media/AD8EF94E-8C9A-46EF-AD63-DEA5AFC1EDE7.jpg,""
media/23CD720B-56F4-4B1B-B68D-6973E5E9104A.jpg,""
media/B24F492C-1CEC-4BD6-AB9B-240AFDE519D0.jpg,""
media/2CF5997C-4E75-4A1F-B8D4-B9767EAA52F1.jpg,""
media/D7147822-3229-43F6-909F-19CE77057081.jpg,""
media/9abfebab-1a1b-4757-808d-b1ccd7eb43b6.jpg,""
media/02c60ed2-76e5-4a71-bbc7-1d354b69ac78.jpg,""
media/e4f3627f-fa47-431d-9be8-19ae93393811.jpg,""
media/F8EDEF32-CDDD-4CC2-AC4F-23D6D3336C7D.jpg,""
media/B0ADFD5A-E66C-4D38-8B89-B7E8419940C9.jpg,""
media/74938BF9-E693-459C-AAEC-233BBD6BE73C.jpg,""
media/1FD25497-21A9-4E0B-A82B-34A55B373EFC.jpg,""
media/13F788EF-2C34-4E5A-8A34-73A12E7F4463.jpg,""
media/c2bc7a88-2bef-4f50-9b97-78513f56a525.jpg,""
media/2a2e8ddd-31f4-40cf-99bc-dd6cac89482b.jpg,""
media/74de031b-e93b-4222-b5f1-9e31cb7ff290.jpg,""
media/2fd19270-c0d8-4ba7-99b8-8b478c332d54.jpg,""
media/32948f49-9c89-421d-8b5f-550d0b79d936.jpg,""
media/affbe651-438d-45d2-8ae6-c9a0a0b84f70.jpg,""
media/FA0AEF80-17CA-456C-B66C-141BC11BA51C.jpg,""
media/FE18605B-87F1-4E2A-B790-127943B57FDA.jpg,""
media/5EA89EA6-6A67-4057-B023-CDDF0234A3F3.jpg,""
media/f6d446ed-da91-41cb-b1e4-fb0dae07a8b3.jpg,""
media/b40e96bb-e84e-4fcd-9b53-4715343a5caf.jpg,""
media/f4f569e7-ceb3-4499-b337-bc52194f7b06.jpg,""
media/D8DF6CC7-AD1C-423B-BEE3-C7079AA6318D.jpg,""
media/2007C672-E93B-4369-9C13-A84240F8EC22.jpg,""
media/AB2FB724-D85C-4072-8C2F-C6ADE823977E.jpg,""
media/91df193e-c797-4f4f-8227-1ecceea3ef38.jpg,""
media/e4597bb3-7677-4744-99ec-d7521851a665.jpg,""
media/4188c327-e331-4864-8d17-c96e869e9922.jpg,""
media/42e48f0d-aa79-4065-8a51-9696dd9d4c54.jpg,""
media/fe91349a-4f99-45c0-acf6-0ba7156a3ee9.jpg,""
media/f0ddba18-1013-464a-b6fe-597c467f985c.jpg,""
media/b440d9c4-0f0c-4cdf-8014-15141697d515.jpg,""
media/06F06460-9546-428A-8E47-FE628B96C8C3.jpg,""
media/F065C5F1-B64F-4A83-B86F-5C9112F8F536.jpg,""
media/26DAAB77-6167-46FF-B849-A2813EA6B08E.jpg,""
media/746A5C29-4CA9-4D2D-9F66-8EE28DA86E6B.jpg,""
media/F40AD4AE-C98B-444D-A33D-451916226F2D.jpg,""
media/749111ba-653c-44fe-92db-4e712d86e630.jpg,""
media/b31c10a9-0f28-4d76-971c-90392afb756a.jpg,""
media/9f47797a-bf14-4961-97c3-ac5548886670.jpg,""
media/35fc6c72-1fbb-46ac-93ce-f676682e51b1.jpg,""
media/64251415-ACF2-457F-93E1-D29C112AA3D5.jpg,""
media/566D7B61-0D74-48E5-837F-9CCD89911C95.jpg,""
media/d29edf70-67b1-49a3-9ebc-0139cf5f1b37.jpg,""
media/F583FB02-85E4-41CD-9DF7-5DC8B4E8779C.jpg,""
media/3089B859-2D16-4195-852F-62320207C0B5.jpg,""
media/DFA6C742-4C17-4635-AA55-D136C8D6728C.jpg,""
media/87EC9C62-D56D-4ACD-ADCE-325D8984DAA9.jpg,""
media/B06473C5-A4BF-416E-893A-26012D70CDA1.jpg,""
media/F94633C9-A13C-445B-B7E9-2FF2BC721232.jpg,""
media/E9BA1EB7-D5AA-44C3-B488-3A8B50932EFF.jpg,""
media/FEA849DB-E373-48B2-AA9B-0EB74D677A81.jpg,""
media/A510D4DE-13E3-4BC5-8270-172151D01111.jpg,""
media/16c0dcaa-2092-4023-9393-13ad6b7a5d29.jpg,""
media/f1799851-c414-4a09-9425-4e40a98044fc.jpg,""
media/93ae26da-da38-4d44-8972-328f1fa9c16a.jpg,""
media/aba56b0c-a282-4909-9b37-6c4ce62b1c71.jpg,""
media/e3543144-c67e-4b2f-a84b-8420b86d1a5d.jpg,""
media/5f158ecc-0a6e-42fc-b774-2b9c15c7d327.jpg,""
media/2fc5c36c-d717-4d2b-b029-b0376fad5283.jpg,""
media/15e860c5-c361-454a-8164-3855c806a6f9.jpg,""
media/5013eca6-697a-4845-a564-c5d68fecddca.jpg,""
media/3807F3A4-45F6-4EC2-BA41-B9E82A0C8C93.jpg,""
media/FE239AC0-89F8-4F5F-9635-08859FAEA88F.jpg,""
media/DD546F1C-C23C-4B53-83F4-F07B973A761F.jpg,""
media/E04898A2-7AB6-426A-9901-6A83AE52807F.jpg,""
media/76367D9D-B09E-4663-8251-B5AB58595361.jpg,""
media/925B7782-7A4B-414F-B96A-6F247457D9C2.jpg,""
media/8198CA31-1E19-40F4-AF37-8E423FF36754.jpg,""
media/A8145D48-29B4-40E3-817E-6EBB2FE6F02A.jpg,""
media/B73A3864-9B22-4270-AAD2-6068CA467BAE.jpg,""
media/BD136674-9AE7-4DDE-9E7F-454008C08B1B.mp4,""
media/447ABB0D-CB03-4736-A509-B618B69F1C01.jpg,""
media/5F72AE9C-29F9-4F6B-BC5B-025E1815C03B.jpg,""
media/2063A2E8-0564-40E2-B623-ACDB29D3AA9C.jpg,""
media/753B9737-1BA8-4B41-91A1-FF2D69A6D186.jpg,""
media/BAFA46E7-2086-49A1-900D-F528733F8DB9.jpg,""
media/52E8D9B2-DB2E-4E2C-B937-F7D334BC50F7.jpg,""
media/69520C89-ED66-4489-911F-13554ECDCD5E.jpg,""
media/9EE44FC1-B3AD-4959-A116-B342C49B7171.jpg,""
media/17E505D3-B9FE-4329-85A0-5A0CFDB94AE2.jpg,""
media/D099D67B-7F1E-493B-AAB7-1493A398A924.jpg,""
media/CC0EC48F-24C2-4011-B73E-5BEE6640118D.jpg,""
media/9268C53A-522B-4280-A391-5AFA72BF7412.jpg,""
media/C6A216D2-3449-4E30-838B-DE22D032E1BC.jpg,""
media/07D7FC10-735F-46F4-AD99-1BB691BE9E53.jpg,""
media/92CD20A6-0B2C-4688-A36B-8DAD04206850.jpg,""
media/D7E18D41-A0E7-4F89-9A6A-67F4476D6321.jpg,""
media/AAA9F138-6CF7-4FE4-977D-BB27BFA6041F.jpg,""
media/B8CE1145-D239-449B-A5C4-08344338AE56.jpg,""
media/1F0BE4B0-4D43-41E6-AB36-A613256E89D1.jpg,""
media/7020ADBD-8A42-4D71-AF5F-1AA020B3BBE9.jpg,""
media/E2E56DC7-9549-4BD5-93A7-E965AF60D4D1.jpg,""
media/1489F3EA-D9E0-4154-B7EE-60D5B3A956E0.mp4,""
media/A188E2AD-FD0A-4D68-81B8-C7093170AA73.jpg,""
media/99073E18-352E-4123-962C-729B76001082.jpg,""
media/AC046674-68D3-4597-8BD0-5BC39FEF3D0B.jpg,""
media/935ADCE5-2F35-412A-B8BB-5DFA18A1BCA0.jpg,""
media/E67A30A1-5DCA-4097-AD01-B9BC6700B22C.jpg,""
media/8A35F1E5-2B0C-4E61-9C13-A46EEBA4505D.jpg,""
media/403C7C52-FA89-4607-A2B0-1B63CD0C5AEE.jpg,""
media/E8E55ED4-FF98-4A97-AD7A-F3FBABC1DF1A.jpg,""
media/7b01d1e6-a133-4470-9e7d-828b740c396c.jpg,""
media/4A51738F-E4EB-46D7-8394-9B064E3C4E17.jpg,""
media/0C6646B5-8E79-4B94-B10C-14BD6880A41E.jpg,""
media/27C3FA6C-CCA6-47E1-A7F5-CB0063B013EC.jpg,""
media/B1B1CB8F-7235-426C-A051-0479EF201C24.jpg,""
media/414FE79E-7FEA-49AC-B210-E981846F5BA3.jpg,""
media/EFABCC74-F978-4DE0-B95A-5E8CC70C7CF5.jpg,""
media/F261732B-F680-4B25-A9C0-DC75B1CCABA9.jpg,""
media/57DD22E2-9890-468B-8DE2-24DBE1F7D694.jpg,""
media/2C3E2A77-4BD9-4F53-9C8F-67700276BEFD.jpg,""
media/19687968-5091-4287-B59A-B5CD4B45AE3C.jpg,""
media/095E4A0D-7C02-414A-BD2A-5BC9B786C8A7.jpg,""
media/BC85E2EA-8D79-47DB-8B06-FBC491DAAF53.jpg,""
media/B5D02DD5-8A6B-4BF1-81C5-4ECCCB92FEBF.jpg,""
media/E0646640-72E6-4345-BA64-ACCCDDBB0307.jpg,""
media/686BC087-65E7-43B9-8DEF-4ACB47A25BE6.jpg,""
media/5F4BA092-3958-4112-8D13-51F254B817E3.jpg,""
media/0DD119D5-E4B6-4A73-B716-DA7E74A167CD.jpg,""
media/85BE85D0-24D9-4881-9AA0-B7A80B12288A.jpg,""
media/22327891-158E-4519-8C38-D97272C099E9.jpg,""
media/D3740FDC-A2D6-477D-9595-5F1509C8C7DA.jpg,""
media/D9F8817B-385E-47B7-AFB5-824B9EE9FA99.jpg,""
media/60D1DBDF-1C80-4F8E-B9ED-20EE7C3D4CF6.jpg,""
media/0A073C95-852A-4FD4-AEAE-B319DA18A7C6.jpg,""
media/E3093AD1-92EB-4FBE-AE20-672290A8DC44.jpg,""
media/269CA653-3DEB-4F8B-92DE-A585BDE730E1.jpg,""
media/9AA83A5C-CF8C-47C2-B93E-CB90BADCE0DC.jpg,""
media/539480B9-DB3F-448C-9EDA-D2964A707F78.jpg,""
media/BE4FCA1F-BFC9-4246-81E8-1DC531B7F55A.jpg,""
media/31186A9E-4FF7-4798-814B-70806936B42A.jpg,""
media/8F12E1E4-1B63-460E-997A-C3DAAA88402B.jpg,""
media/7809F1EC-2718-4C38-91D5-3CF2C4A5A61D.jpg,""
media/32F7552F-5FB2-4A83-BB85-4C6CFD2466C4.jpg,""
media/D9E5C8E5-9F30-4587-A0F5-BCA598B3E9C3.jpg,""
media/BCD5402B-BD8E-406C-8CB1-A628B8967360.jpg,""
media/E1691A4C-2593-405F-9E40-7DA7E3E92C52.jpg,""
media/467F5042-554D-4825-BD87-A868A7CB007F.jpg,""
media/5A852B70-AE08-40F1-AD77-67ABC27B2514.jpg,""
media/781B41FF-1347-4348-8B03-19F3874E6D28.jpg,""
media/8E49973B-40CD-43B1-BC85-1ADB64531BA0.jpg,""
media/D5151AB0-F181-45A5-85F7-704B71688BE3.jpg,""
media/B79B744C-FCAC-4A77-A160-4980DB4FD02F.jpg,""
media/8702C796-BF84-434F-B832-8740E40ECC46.jpg,""
media/622621FE-CC74-4617-A73F-5DF64A9600D0.jpg,""
media/AA539C6D-457B-43AF-8244-308736A83097.jpg,""
media/CF1652B7-22FD-4281-BB70-1CCFF87AB829.jpg,""
media/00CE580F-E49E-41E7-9988-BA24D1531ADA.jpg,""
media/2E260F07-3577-4A75-B2B5-865A7D447D5E.jpg,""
media/0ACAA1E7-7970-4D2F-A57B-BDCF4B491003.jpg,""
media/ff4c9328-37e5-4881-a105-ca3e98f78c07.jpg,""
media/013ca4fe-94d8-4bb6-9c63-6ca5e067daf0.jpg,""
media/4c2e248a-f485-4c84-90c8-cfe4c2468428.jpg,""
media/1599e72a-8f12-4eee-aef8-907d36545a58.jpg,""
media/256a3417-70fd-4ea5-933e-ee8c27c3c52c.jpg,""
media/745b302d-d664-41e2-839f-c919316f3993.jpg,""
media/C2129A8C-D53E-45CE-9987-EB475D7033BF.jpg,""
media/faea7b67-5d8e-4c42-9b9b-e28b3b48de1a.jpg,""
media/6E004A1C-B0F4-45CE-8397-A5EDAD1E2DEF.mp4,""
media/851143F5-2590-46E3-A686-4E073D6C3AEB.jpg,""
media/a79aee9f-9b5b-45d6-a88b-eb532fe4f1fc.jpg,""
media/AD81150B-1CF6-4721-ADBB-F963268EE78C.jpg,""
media/2EFA8640-8F9C-4B19-A261-0CA31B6B83EB.jpg,""
media/768072A0-3084-4873-80C6-EEE4C2FB9D75.jpg,""
media/5838d40a-36d5-436b-ab1a-c882209bda01.jpg,""
media/76bb99bd-cea4-4db4-9f7e-ad405b2ab605.jpg,""
media/5D8C855E-F69C-4F55-9E5C-36240021E289.jpg,""
media/EB9C44D8-21A2-4182-9ECE-F133FA657CCD.jpg,""
media/e5ef201c-82db-4f79-b3b1-52602bb08e1f.jpg,""
media/d71fa918-0af9-468a-8e30-f8cabd83651a.jpg,""
media/04469060-B98B-4DE8-BFB1-CEC5BB582D1E.jpg,""
media/4E3AB6FB-1992-4743-8A8D-F5ED1DA56BD9.jpg,""
media/FBB3FFDA-5615-45CC-9CB7-8D91CA214E56.jpg,""
media/1DF588AE-BD39-4EB5-8800-1D13F168AE10.jpg,""
media/79404FB9-6C74-423D-8931-EAC01482EAD6.jpg,""
media/3fc5baa2-706f-44b0-8bcc-945cf5181a2b.jpg,""
media/02540d24-95db-4d4e-a2cb-0b93b0d74d70.jpg,""
media/1aa2991b-bf79-4cce-a9b5-2fc341dae9fe.jpg,""
media/6CA6F95D-C22D-4CA8-9ABF-84E74C3B475D.jpg,""
media/126974f4-65b8-4926-a1d0-7ea1431368b1.jpg,""
media/c5fd8295-d13b-4b9a-ae89-80909a177f3c.jpg,""
media/0aa49f98-580f-4f78-ac2e-a76a1226c4ad.jpg,""
media/d73b23b6-e3c3-47b5-aa74-6d9912ff07e5.jpg,""
media/f42918fa-b48f-43f6-8da7-95f866a2b993.jpg,""
media/54e02951-ebf3-4613-93e7-6760b4250a45.jpg,""
media/0abb4e76-010c-43a9-bf77-9d610c5c6636.jpg,""
media/9473c435-4bb9-4be3-9367-c7c03e4f6569.jpg,""
media/8965285d-7161-4932-8c40-3036eea19c1e.jpg,""
media/5c9645ab-26dd-4528-bd84-7232833e7391.jpg,""
media/0c381533-2e8f-4cf2-96b5-4653482e629d.jpg,""
media/a94c4961-ae78-4064-bcda-1b6f778f43d8.jpg,""
media/B1EC20DA-450D-4C3E-9CB3-B2176E4DB313.jpg,""
media/E7BBBE02-F1DC-41F6-8401-F70EFFD2160D.mp4,""
media/B703F8AF-88B3-4186-8FEC-A3F1C5590322.jpg,""
media/d28562c8-5732-447c-a437-dc01be1b76c8.jpg,""
media/fa2b0ef6-cc21-45bf-a55c-97bf3372d52f.jpg,""
media/56ef7861-2bb1-44aa-931a-3e3d6d9d1a4e.jpg,""
media/31c41585-8c74-4df6-89a2-3a9489039f20.jpg,""
media/32d4162e-fd30-460f-ae02-09f1cd476be4.jpg,""
media/E62699C3-805B-4EB3-AA59-662F94D61BE8.jpg,""
media/8D578974-7043-4212-B712-009BB3CF04DB.jpg,""
media/f6312c89-e5a4-4e28-b079-edf5d9dfa0f5.jpg,""
media/B8556FC6-F36A-4238-ABF6-9B26551476FA.jpg,""
media/47fbbda1-a7ce-4610-bc74-1f1cd95f2498.jpg,""
media/4d04acc1-f03d-4eca-bbfc-1b3e4e4bcb61.jpg,""
media/1C72B75F-9ADF-489D-A263-123F76A6A6AD.jpg,""
media/fae4629d-1d84-4a9f-91f1-d52a25d1ca24.jpg,""
media/81cf41f8-cba9-4ffc-8594-a8bc5521c2b4.jpg,""
media/9F8B6BC1-C4FD-4DBC-9F17-0396EB537283.jpg,""
media/e91d886b-ae97-46e5-a1da-41b8f1eab125.jpg,""
media/DB9A0329-28AC-4B65-8DA2-EB351CBA0132.jpg,""
media/E8B54566-D6B1-4378-A321-0ECD2ABD6A40.jpg,""
media/A0FC9A7C-3FC4-468B-B872-A89DC0A82F72.jpg,""
media/DF80A07D-1373-4893-A85E-54388FABE0CC.jpg,""
media/d6b7180e-ae96-4d42-9a6a-2f9a3cbff62d.jpg,""
media/3ef17816-9834-4ca2-b61e-053d8889fced.jpg,""
media/0EAC5FE4-E93E-4722-B42B-A93453D33ECC.jpg,""
media/B3E991E6-35F5-42DD-A582-BA70DD6B9A9E.jpg,""
media/3AD5B612-5BFF-4B33-A628-30AE44F8BC5A.jpg,""
media/67700a66-831d-47d2-bf77-a8497fc56db9.jpg,""
media/42D81A2B-029C-4DBF-88A7-4A000E7C1867.jpg,""
media/83C11B88-D6F6-46E2-84CA-D24FCF978760.jpg,""
media/FDF7B4AC-1BD4-4869-899A-4EF3616FA12B.jpg,""
media/91B1833C-96DE-4CEC-8E31-C0FC65A13DC1.jpg,""
media/AAE6B187-AF56-4B25-9356-D52EF7036EDE.jpg,""
media/7A420AD0-7423-45BA-B386-4FBF522FCD5E.jpg,""
media/F791E692-3597-4D46-85C6-839BFC4336B9.jpg,""
media/562327F5-A0DB-40DC-9E96-D63270752ABA.jpg,""
media/B998703D-01D1-439F-899D-496452A25E32.jpg,""
media/A77A20AC-892F-4351-A377-CF93492E8393.jpg,""
media/4D467D2E-A370-4197-9F83-4B3364D5A9FD.jpg,""
media/DFE5B8CA-C2EF-4398-9DBD-0D58FCBEF5D2.jpg,""
media/D106CA75-B534-467A-9617-B8ECE4DB135A.jpg,""
media/8245FE9D-B22A-4595-8ADF-629C3543D7FD.jpg,""
media/42C1A9A4-071A-4157-94D3-580ADBD845D3.jpg,""
media/BBD94031-246E-4835-B666-61D5F193C6B5.jpg,""
media/21D25B30-6255-470B-B32F-84686F1E5B78.jpg,""
media/8422A898-BAA5-4901-896A-414617DA8DDF.jpg,""
media/839453AE-FB3D-42C6-AA46-5600386CE90A.jpg,""
media/9519AE66-DE2D-4F92-9284-0852E374FD59.jpg,""
media/FCB27C1E-2DF6-4D4F-8E0D-E41AABB5E745.jpg,""
media/DE8B44C2-6B9A-4874-9754-883F6907FF03.jpg,""
media/A360FFEE-414C-4D66-A7C3-B8DFE73DEBCA.jpg,""
media/26E71B93-431F-4A6F-9247-6A76FCAF4D5F.jpg,""
media/7C951D08-B2D5-42F8-8098-206DE3893DC4.jpg,""
media/4C3322C1-E263-4E3F-BAD9-42C97330BE94.jpg,""
media/98A2A654-2A03-4A1F-915C-69EC04CE7B75.jpg,""
media/6258944D-80DB-47FE-973E-820D72FE88D1.jpg,""
media/34B26D16-1165-4E07-98C1-D7FED377953C.jpg,""
media/993E60B0-0938-4C09-B072-D7600C268BE0.jpg,""
media/2DD049A8-343C-445B-865E-246DDC233DA6.jpg,""
media/903C2F02-EA1D-4063-82D8-BF7FFFCABC5E.jpg,""
media/CA42AC2A-B054-4D12-87A4-8AFDFD3E9F7E.jpg,""
media/7A4C9EC1-C741-4C21-B662-39A2EF720012.jpg,""
media/70BAF094-3ABE-40EF-AFF9-18740C74EB43.jpg,""
media/6BA4A03F-C7D4-4774-A433-27D556D0CD05.jpg,""
media/6099F0F8-1F01-49A5-A031-604E1A0C8B87.jpg,""
media/FD0F2CBF-5BCE-4ADF-878C-E1DA1888301D.jpg,""
media/12A7EBC3-AC4D-46D7-A2F2-F92BA0DC7B2A.jpg,""
media/F6B75A1A-EA1D-4D6C-B24F-BA3B02BC51A0.jpg,""
media/8680B2D7-E21D-4711-A028-77385C2F58FA.jpg,""
media/54F41641-5849-4008-830E-39FE2A21950A.jpg,""
media/0E0251B9-D2F3-49A5-9124-6F6802EB5E91.jpg,""
media/48CA229F-E341-492E-9540-0B4ED7D8E28F.jpg,""
media/203A21B2-7F27-4FD7-A7BF-DDE0D73C8E3C.jpg,""
media/EC30F465-DA16-479F-AE6C-AE873AEFEDB5.jpg,""
media/75C2B7B8-A587-4F5C-9528-FDD8BED3386E.jpg,""
media/9667DFFF-0F48-4539-B80D-89B1F6A05C46.jpg,""
media/D0F52453-9FBF-47A2-9462-225427BE37F7.jpg,""
media/11C2184F-0C6B-4798-85D3-7BD3C90208DA.jpg,""
media/DC50BE08-7F2B-4FFB-8670-0C241867086A.jpg,""
media/98E1408E-E227-43F7-8FB2-EC31A01E7A82.jpg,""
media/272DC877-BD00-4B55-ABF2-7D248FBAADA2.jpg,""
media/0D6CDC97-31D8-4BB9-A65B-3B09A9409FEA.jpg,""
media/3F4E41AB-1673-4EC3-91B3-43EFD31333BD.jpg,""
media/8E70CB5A-0DE3-4CA5-8D6E-DFF578E24113.jpg,""
media/77AD1BF0-C905-4101-A733-5271D9072534.jpg,""
media/2B2AC3FB-E00C-4DC9-91C8-D9E6A082BED0.jpg,""
media/8FDB56CE-1F82-4D7F-A59B-50BE651D63FF.jpg,""
media/FA4923AB-EA53-44A4-833F-9055F6A2CAA7.jpg,""
media/5DA9E9DF-507B-4ED2-992E-8CF7BE945C0F.jpg,""
media/921A6E51-478A-41D6-A602-07BAF6C96BB3.jpg,""
media/9B019F1E-5174-453C-9BEB-EC4957F3FC2F.jpg,""
media/6B018ECE-F9C5-4504-8C20-D4CDA2620502.jpg,""
media/118C2D02-AF66-418D-934F-0A945771F4ED.jpg,""
media/976B61B9-36CB-4D51-90BA-F66E63BB731E.jpg,""
media/F4223CC3-EF74-45B8-BFE1-A78930C8D260.jpg,""
media/7608C9DD-0D5E-46AA-B0C2-B9F314EEF3D2.jpg,""
media/8F49DED8-9176-4F07-8F6F-3416481925CE.jpg,""
media/8ECD1B13-6F87-474C-9B1E-4B9DBB55EEF5.jpg,""
media/36C3B8C0-4AD5-46A8-AC90-093A1299EF51.jpg,""
media/458ED6EC-F401-49F7-9D84-6B45B2B5392B.jpg,""
media/553D7B73-FD77-4EE1-82F9-F80754BFF850.jpg,""
media/AC6D98DB-2F13-46AA-A4A5-2A7C0AA4EF4A.jpg,""
media/CBEFB103-B99D-40D0-B9A0-F22FB53EA342.jpg,""
media/567D5E61-AAAC-4D7C-BBFB-BA366D504E86.jpg,""
media/9A362591-F9F2-4418-BC03-49C6823C0DCD.jpg,""
media/4198D092-B121-4257-925D-0F61582CD79C.jpg,""
media/2CC52B41-5E29-4BB1-A871-568558E20C53.jpg,""
media/7E78742D-41FB-44B8-AEB6-1C9E10173A96.jpg,""
media/E680DA08-5B0C-4A3D-ADCD-985450514B84.jpg,""
media/1AE2A6E2-BB67-43BF-8502-A69B644567DE.jpg,""
media/0449B5E3-FB3D-434B-AFE7-BCE02842C1B4.jpg,""
media/B29D26F7-4BFB-4A39-8CBF-7B695C654313.jpg,""
media/5F1C27C2-09F1-40D1-967C-780C17F89B7B.jpg,""
media/60F51424-1E65-48D0-88D2-31EF03F8CE34.jpg,""
media/14CF1CBC-B3C7-421F-9210-76BFC7F9E961.jpg,""
media/5B217896-7D71-4206-BB8F-622C48CC2B24.jpg,""
media/0854B8AB-E43F-4B33-A24A-C52D75831289.jpg,""
media/BB47B7C3-C093-4EB3-8D55-1DCC523E0E27.jpg,""
media/F7EE90FD-2BC7-4FE1-B805-1CEE08CAB3E7.jpg,""
media/5476B214-FD7E-4100-9A58-D15639DAA5B8.jpg,""
media/4CA2128F-B6C2-4F92-A6E5-CF5A63DCAB0C.jpg,""
media/F1B865F1-C693-4EFF-A02F-CBD1B7EB4474.jpg,""
media/9CB990F0-9F76-4DC8-8214-C4BE8424744B.jpg,""
media/D0BA8E78-8C76-4F59-B563-50D1958905B0.mp4,""
media/4B39A129-1AB1-481B-A660-2C8D636CCDC7.jpg,""
media/4F1184A4-2FA6-4697-8E28-5A10EC35D643.jpg,""
media/F80766A8-CBEF-47BC-BCF4-310CA2C306C8.jpg,""
media/1E559EAC-913E-45D7-8F09-534086792EA1.jpg,""
media/ACC8E56F-4CB8-4426-91A6-081A3708A96B.jpg,""
media/4208B924-63AC-4489-A8B2-6F455288EA62.jpg,""
media/AE875A02-7481-40FE-9394-A94A979CDBA7.jpg,""
media/D143B9D0-7947-46BF-9ADF-1FCB15D1F7DE.jpg,""
media/C1980D51-E368-4E26-986E-864F164778A9.jpg,""
media/F075C9E4-F364-47E3-8CC6-4687C49D920F.jpg,""
media/B3B79EC2-D6D0-4546-AD4B-CCBC3B66A029.jpg,""
media/B06CDAB0-C4BF-4C88-B2F4-679005084989.jpg,""
media/7F1DC921-B3CD-4574-98C8-94CF800FCF8E.jpg,""
media/2FEA6677-D04A-46A4-9C5F-D6AFB40752E8.jpg,""
media/83599D15-AB99-4AF9-8D70-22575BE7E396.jpg,""
media/fa367df9-4f7d-403e-902b-36793069322a.jpg,""
media/e6a221e1-8057-477f-8b79-da09661dd02a.jpg,""
media/06dcf493-478e-4a4d-8792-621c95193413.jpg,""
media/1961ECF7-87EE-46BC-A2A5-2F1C990DFCF9.jpg,""
media/50EA4DBE-4993-4F19-B127-A017933CB53E.jpg,""
media/e1464cac-3221-489c-a7e1-60050cf595e8.jpg,""
media/AD9A8FD3-B9B6-4D84-990A-6483B8F851FF.jpg,""
media/A1BB6417-D05F-4834-BEC0-46DCA100FCF1.jpg,""
media/6D599CAC-B6BE-4300-8F48-F4484D2145CF.jpg,""
media/F138D041-1987-4936-9F5D-9B81182B37F5.jpg,""
media/5D502F63-D4F6-4BFA-86E8-1ECE2B929008.jpg,""
media/dbd28cc1-7578-42d4-b35b-af3fbd7d5e8d.jpg,""
media/18ca295d-9041-4fa9-a4f7-05949749b0c3.jpg,""
media/5fd32aa2-8a4c-4228-af9f-d75d1839d7de.jpg,""
media/D8CCDCFD-3405-498B-997E-33681F2BA71A.jpg,""
media/c0e2f576-8673-42b7-a971-30136136f857.jpg,""
media/f468c968-8b37-4ca5-8d3f-a3c05b228424.jpg,""
media/86455b5c-2b68-4191-b907-a76d3af4562c.jpg,""
media/cd27162f-5166-4bba-ab9b-9735756ac8cc.jpg,""
media/8364fc3a-c4ce-4392-9876-a1e878fd9190.jpg,""
media/5c0ba9cc-68bd-46d4-a869-091f45ef7ddc.jpg,""
media/fe617f94-4bec-4aaf-bea8-43e588beae9f.jpg,""
media/c7e800cb-1350-4500-ae71-814402963f77.jpg,""
media/c91a127a-8400-4821-89ef-4cdd03cb7770.jpg,""
media/454e5bfe-2256-47e5-b822-d4e7c958458e.jpg,""
media/7442d072-3fc6-4051-85c8-edc20ef1d723.jpg,""
media/3BE800CF-3A8F-45A6-9407-D0698204427D.mp4,""
media/21cda41f-a1cd-4f18-be1d-ba840a4ffd3a.jpg,""
media/bb3d2f1c-f4c3-4443-9f93-3ebae685e8a2.jpg,""
media/32e13cbe-2119-46e3-8b00-9cf212a3fbf7.jpg,""
media/ABF168B7-C050-4678-A698-7D5864CCEBC8.jpg,""
media/41794e87-b416-4671-852c-1d6f73b8502b.jpg,""
media/ea1961a5-d976-4029-aea9-806aecb2de36.jpg,""
media/bf42121b-457a-40e2-9a75-e6eb79600fbd.jpg,""
media/f68e91dd-b75e-4dea-9276-c7e11e06f179.jpg,""
media/2BDCA079-B75B-4FC7-B986-7339F77EF109.jpg,""
media/B54FFCD4-29FA-40D7-817E-BB099996C77C.jpg,""
media/D5071D78-B60A-4D2E-95C8-CAB3730A71F4.jpg,""
media/535E2EC9-DB58-463F-AB6C-3408F573CC27.jpg,""
media/F66CAA92-AF18-4F25-9911-71C78ED59259.jpg,""
media/2F273881-B39C-4AD9-A4FE-7758A580D0E1.jpg,""
media/0893D822-2FFB-460E-A301-CD3FA5E51F70.jpg,""
media/61790C0F-D9C3-492A-9AA8-B71FA1110B5F.jpg,""
media/6EA58F58-677D-4577-A1C3-B2EFF92AB841.jpg,""
media/2FFFCBAF-048E-4227-A7AC-98117761EE35.jpg,""
media/9BD6DD03-DAC3-437F-8B4E-47B98632D4CF.jpg,""
media/4AC859B4-8C0E-4AA7-9730-14B7156C715F.jpg,""
media/E4E4D7BF-9193-4E88-9F61-102204A5AD3B.jpg,""
media/28B95771-76E9-46A7-8C99-21A1B8C36569.jpg,""
media/9BA1212B-BFD6-4218-9F93-EA83C3E21931.jpg,""
media/D90FA3FA-DFBF-43DC-93B4-B909839E922D.jpg,""
media/84301CE5-81BB-404B-A87F-C8E591149436.jpg,""
media/A914640D-3A38-4BDE-BD30-30437E817147.jpg,""
media/4C2F27BA-B7AC-404A-8069-DB61595D90EC.jpg,""
media/bf124859-e88e-41ab-9e0a-2e3740ce7d69.jpg,""
media/F9D14F2D-EB55-46DB-9E83-8417118A2451.jpg,""
media/bbda1340-1bfe-4182-b7dc-5752f04309ba.jpg,""
media/af316d55-853a-405d-9ceb-6c17f5e907d0.jpg,""
media/35CADAAE-A9FC-4152-A0A2-7D67E6ED4404.jpg,""
media/A50FEDB3-53DA-48D2-A0B9-DCBBF2FE490F.jpg,""
media/B8251E93-6502-406C-96DE-773E9A2D214F.jpg,""
media/0C57FD52-3677-4ABC-B2D0-443AFE1249EA.jpg,""
media/FA0511E3-8DA0-4921-BE58-AA0D8419CACB.jpg,""
media/5A6C0ADA-1F66-45D5-AEFC-CF5B8241813E.jpg,""
media/91DADD3D-F0DE-403D-BBEE-CBF15624EB66.jpg,""
media/A8CC0B13-84BC-4EE9-8AD2-6228712750EC.jpg,""
media/B622D4FB-9F33-4311-AC06-B9E9BD65F1EB.jpg,""
media/2FD59538-3550-491A-A128-A283C08E5D98.jpg,""
media/2558E253-0563-4133-A4A9-ECB19023EC19.jpg,""
media/0C71F74C-FD3B-4D04-9A01-AD08DF990C96.jpg,""
media/6DAD0E20-9B07-44B9-9C44-7A5CB7AEF6AD.jpg,""
media/352F92FC-9698-4312-9493-9792026B888C.jpg,""
media/C5E2DE7C-6ED3-4592-A9BD-BD3C55784923.jpg,""
media/9C375A74-3DFD-4B59-83BE-E9EED1BACB75.jpg,""
media/1F9B3FF1-9690-4429-B888-2F06A4CEAC86.jpg,""
media/BCB02251-F269-4AA5-B546-EFE8E0AE873B.jpg,""
media/71134D62-F296-4B8B-83E6-5AC9FB4C5A50.jpg,""
media/777A394A-1242-498F-AB6E-4121E1C262E6.jpg,""
media/73A4AA82-1C86-4102-95DE-23840FDC0C8D.jpg,""
media/C82C1326-0A4F-4201-B706-500FDBDEF45A.jpg,""
media/E4AC9860-1071-4CD7-8044-7A46B966EC8D.jpg,""
media/53BE3435-8D3A-4138-B9B2-1260DCEF0FFF.jpg,""
media/CC5F5B8E-3993-4346-94E6-A8C7ABB5DF06.jpg,""
media/AE8D0F85-19A5-4760-A970-00D178FD0B33.jpg,""
media/2D9025DC-E123-4DBF-A262-768BDC9785D2.jpg,""
media/AED0499B-1FAF-4197-8897-D9B59C7C839D.jpg,""
media/7769E5EF-5896-4465-9119-D2CB11462144.jpg,""
media/913A4639-981F-4AB9-B2CE-AD341EF046AC.jpg,""
media/8FBADCAD-C480-4BCB-8D05-BA2EB75C64C6.jpg,""
media/D2BEE0D3-9ED8-4CA1-83FD-08224CEABDD3.jpg,""
media/AAA4290B-B9E8-4E97-A08F-5D64B36FEAF1.jpg,""
media/C8630184-29DC-469C-A98D-950471970916.jpg,""
media/B68E174C-2546-4155-8A5A-F4EB4B942265.jpg,""
media/B5DFAF80-3BF4-4F92-AEA2-BF4DC1A5AD4F.jpg,""
media/BD43C0F4-3C78-454A-959E-0217C14E78E6.jpg,""
media/12F25BD9-9693-49E0-98AE-D78B2026C2BA.jpg,""
media/354826DC-2124-4175-B0C4-30E04EB18730.jpg,""
media/BDAD73F2-BE77-427E-A980-B986A768A890.jpg,""
media/C0F51611-52AB-4B5C-A4AF-FC0313674997.jpg,""
media/B9A65692-6612-4823-9DA3-EC6980917C3A.jpg,""
media/ecff7729-642d-4964-8f24-2382d020e568.jpg,""
media/209c5138-87af-46b8-891f-156f86d815be.jpg,""
media/98DE836B-38BE-4D21-93FF-AE1FE875C688.jpg,""
media/03bc5b16-df7d-4a8a-9eb6-47bb226527af.jpg,""
media/E9A51B0E-A3A7-4BDC-A375-AEFA99E3005B.jpg,""
media/1AD08B37-473D-4C46-9F7E-A4DE90C6836E.jpg,""
media/d196ad4f-1d0e-4608-9d81-3a1c7d065a31.jpg,""
media/2184411a-62b1-44df-9356-7f5acfcbafeb.jpg,""
media/7D4A4011-6A3B-4C53-A7ED-9F1F2E9FE977.jpg,""
media/B7BC7069-618D-45E4-9DC4-2A6C2D0F1618.jpg,""
media/d971ca28-91d8-47bc-add8-90148750ca82.jpg,""
media/dc445206-ad97-412e-9cd1-3a888a390d2e.jpg,""
media/fc2e1e35-39c7-48e4-a781-3c8c49be2a2c.jpg,""
media/4c9b7d6b-edcc-45d1-be08-70b73d0507d8.jpg,""
media/2b6bc622-0219-4716-af7a-00f059ecfe8f.jpg,""
media/2d288b38-1646-4820-ad2c-c917bb1380a6.jpg,""
media/8150300B-178E-4FDC-B424-CF32497D71A9.jpg,""
media/F0084D4B-2C20-47BA-AB45-C22767EAD3FF.jpg,""
media/02AA4C47-AE3D-484E-9A60-2032AFB48D43.jpg,""
media/916AB8C1-FF56-460D-9439-61B8E9107C89.jpg,""
media/F68B59DE-F2F3-40A5-9F6D-49CAB3F67043.jpg,""
media/d155a239-de29-4b1a-a8b2-f1324b75dc05.jpg,""
media/5FE440A5-6814-42C4-8BB5-239338E2AB7D.jpg,""
media/169368c9-ce80-4ccf-883a-20d18fd61a17.jpg,""
media/17c479a4-d94a-462d-b339-e4d028053fff.jpg,""
media/4006a40a-8333-4a95-a78e-b7a9047d109c.jpg,""
media/bdde38ce-f3b2-45b5-806a-f85e4525a008.jpg,""
media/bc67027f-586d-42a8-8b0a-16c01fa74808.jpg,""
media/c4f0d826-2528-4bfd-b7f7-b1a6f4cf4261.jpg,""
media/CF37AD29-E577-47DF-88AD-E7D1E9540EB2.jpg,""
media/6ED63EE5-4F14-4F03-9828-307A94CC4689.jpg,""
media/BBFE045C-DA9E-4734-BC8A-A778F6014406.jpg,""
media/9783e105-e10e-41da-a02f-91536dbc660f.jpg,""
media/3e31ada5-5b16-4150-b5c5-1a5b313eee50.jpg,""
media/34EAD67C-DB8B-47A1-A9D6-7DD8E7C9A580.jpg,""
media/a1963e61-47b5-4e2c-9e99-b59c145feebc.jpg,""
media/a7fcf47f-d0b3-441b-88f7-0fdeec9b0a04.jpg,""
media/4442f448-fb23-4085-8da5-f7ea96351225.jpg,""
media/e6ff071c-c635-4361-83fd-94486146a255.jpg,""
media/132d6adb-07a8-46de-8296-4acbd062077b.jpg,""
media/f590befc-c70b-4a67-8566-6184a1ce3a8b.jpg,""
media/18727edc-62e4-4272-bb38-a77017a7fb10.jpg,""
media/2689264c-a1f0-4c82-aa8e-0277a088d27c.jpg,""
media/85F71250-8A4D-4D11-B75B-7FB164B72481.jpg,""
media/0742E55A-5BE8-4B9F-86E7-FB69E3F75DE8.jpg,""
media/869CCC76-5B56-4486-8F00-5EF3988754B0.jpg,""
media/D69C05BC-FC85-4E1C-8A81-20F501F4CF29.jpg,""
media/264A44E7-9A84-4CE2-8293-762DC75172AC.jpg,""
media/4484149B-E734-4FA3-B903-99885B92A782.jpg,""
media/92D88F63-38A7-45D2-AAE0-744EAAF2DB24.jpg,""
media/1FFD1416-CA84-4B38-A28B-FD5A23561BD3.jpg,""
media/2898F73E-CF40-4FE5-A930-F1ADD42C784A.mp4,""
media/FEAF499D-2C95-4095-A1B5-4EC2DB1897EC.mp4,""
media/F7C556EF-575E-4986-956B-B8DC5EB1D327.mp4,""
media/8F55CDAD-6058-44A6-BAD1-CB381B04BB0C.jpg,""
media/2347AABD-D2DB-47F8-897E-F5FAFD770C24.jpg,""
media/0D519CA8-32FD-4E0E-B89D-9EF13D504D69.jpg,""
media/7D3D93E8-D77C-4651-874F-9665B0CE2F90.jpg,""
media/423EEE88-1AF2-49E8-9F06-5CF10E76AF67.jpg,""
media/33964FF8-3827-4202-84EC-EA6BA7A43FBF.jpg,""
media/FA9B232F-ECAF-4696-A64D-AFEBF41DC567.jpg,""
media/5682263C-0495-4D1C-A93E-3C5727F91A64.jpg,""
media/D0306625-6B1F-4367-AFF3-550E9B7EEFF5.jpg,""
media/1CA9137D-A4D1-44D3-9D1F-E820B3F66B02.jpg,""
media/F53381C8-06EF-44B9-AF04-38DFEEA2725E.jpg,""
media/05E17EC6-0BB5-4AF0-A64C-E7DF583DF6ED.jpg,""
media/4A053093-FD41-4DE3-A53E-650A998AEEFA.jpg,""
media/108C4B46-1F1A-4108-90A4-2131F38B1F7B.jpg,""
media/0F87BFAD-362F-4D95-A536-FDD2F9923E63.jpg,""
media/77964856-08FA-488A-B3B0-285557458E90.jpg,""
media/B85AA495-61C5-4C0A-AE26-7B2E19C46E64.jpg,""
media/D3EB6EC7-B3C4-4A7A-AD56-07BAA7CF0558.jpg,""
media/045CBF48-F55C-4DE8-BAEA-CF41CF5EA83E.jpg,""
media/6AE7BB82-C7E5-4F84-8BEA-8951F6004412.jpg,""
media/7A4346D7-AEC6-42BE-B71C-12A1419CB46E.jpg,""
media/BACEF6BF-5E10-441E-A4DC-A8C1D1A6F137.jpg,""
media/E9F02479-4564-4A92-AFBA-84B80F674E2A.jpg,""
media/C3E1D547-FB50-47CC-B2EB-4FBBE6C1DB8F.jpg,""
media/CA9B1ABE-8108-4E61-A222-03542BA84924.jpg,""
media/1E51BEE9-7A53-40D2-9739-2A685F3759E8.jpg,""
media/942CDA7A-4D0A-40C4-9100-53B5575CCC58.jpg,""
media/32ECB137-DC57-4517-83DA-47478149215C.jpg,""
media/D46286DB-DB3E-4F35-86E4-81C4CB5D9BC3.jpg,""
media/0E3CE04D-8F49-4DF1-8B6C-67B5F9346534.jpg,""
media/98FAEDCF-FC0E-4EA2-A0F0-DBC4B5302FE9.jpg,""
media/95DCD1D5-A07C-4E64-8629-15AEC32D92AD.jpg,""
media/DE47BBC0-C7A8-47C4-9608-ED4CCDD2EE18.jpg,""
media/0036124A-7B06-486A-8B89-104A15264C47.jpg,""
media/AA6F67CE-16AF-4BFE-9C6B-6865D0CA02C2.jpg,""
media/DF794484-8229-4C0E-ACAF-829EBF40929A.jpg,""
media/DEA2D6CD-DB9F-4DD0-9B61-4DF752D39841.jpg,""
media/BD109243-CDBD-4DD7-8C33-0E699078CA48.jpg,""
media/F8E58FEF-0570-4287-9188-607613DF49A1.jpg,""
media/43A73873-B737-4438-8219-F3C431FE4F48.jpg,""
media/5462131D-9438-4DC3-97B7-421F94D5C9B2.jpg,""
media/BFE4DE1E-6D4E-4520-B9CE-40CE49C76080.jpg,""
media/1232E151-E00F-4E0F-9E78-70D8C2AF73CA.jpg,""
media/FDE5AD45-B6E4-485D-8616-A7AADDDFCCEB.jpg,""
media/B27BF6F6-A8F5-47BF-80F5-3373FCC2A2D7.jpg,""
media/CEE7370D-D33B-4321-9084-875B9F6CD1C9.jpg,""
media/8F0265A3-CFD5-45C4-A661-03D79A3FF36B.jpg,""
media/B54267C8-E68B-4E22-B35A-A2833ABCF2D7.jpg,""
media/2839B57D-BD6B-4C00-B77F-2294A2670B93.jpg,""
media/F9806AC9-5CF2-4AE3-8B7D-137E5BC89039.jpg,""
media/D52A2CE6-023E-4096-9386-8A29458FF411.jpg,""
media/FB612B31-7DAA-4609-976F-189D34BC2238.jpg,""
media/8502CA39-D70A-4CFA-9384-71E3FB54E82C.jpg,""
media/478B88AA-2803-44F8-84A5-486B65FF7DE0.jpg,""
media/B4659EDA-5BA9-4CCC-AF9A-CBCA3E45E3A2.jpg,""
media/F0697E16-3FF4-46BC-9933-5A49D49A7983.jpg,""
media/59B29726-FEB5-4087-AB96-218C905B0D29.jpg,""
media/4571DBED-15ED-4623-9B9A-00C0534D0B65.jpg,""
media/27c106ad-08d5-4371-920d-258eac9a2aeb.jpg,""
media/c6d21ce9-a35c-41ca-b5ee-668e57331653.jpg,""
media/9f30505c-d2dd-40d1-85a7-6e5504b9f16f.jpg,""
media/7e71125f-3071-4519-bcac-456b91e97a93.jpg,""
media/7b205ea2-2e5e-4341-ab04-e803bef94870.jpg,""
media/946f09c9-7c2c-4886-b0a7-19d692788427.jpg,""
media/eaf3d4cd-7eb8-406f-b2d6-0a0278d964f9.jpg,""
media/71c64aca-95b7-4589-b5a4-60ed2439ac8e.jpg,""
media/CDBCA77C-E3CB-4634-8061-F799182A65B6.jpg,""
media/B95E371A-6F3A-470D-8DAC-D2260482F9B4.jpg,""
media/be6b7bc4-6783-4e55-8488-760565cf45d1.jpg,""
media/a3f5078b-80fd-4894-9821-5a56f3845c0f.jpg,""
media/9B642BB3-8BDB-45C5-8E62-0397A79B821C.jpg,""
media/03CD788C-1527-4DDD-B059-2DDF658BFA91.jpg,""
media/c1081fc3-9cf3-4826-9dde-1a49a6f9d757.jpg,""
media/b787f065-dc96-4cea-8868-5cb8f28c42f3.jpg,""
media/103c97b8-396c-4585-b1c8-d72dc52b1aca.jpg,""
media/f5c2e4e1-4cd5-4dd4-8eb4-edc7586977dd.jpg,""
media/62D470EC-FEE7-4CF8-9849-D65F8D0FC0A2.jpg,""
media/07FE00A1-7AC2-4556-A57A-A02C0C4492B9.jpg,""
media/33656494-32a6-4715-aeb4-7bb52d309079.jpg,""
media/137a859c-ab4c-4711-b0bb-1560f4b9e1b9.jpg,""
media/f3dff78b-de52-4987-9e25-e553431e81d8.jpg,""
media/03951f3d-1993-4cbc-8132-ec939fd58bbb.jpg,""
media/9a9c60c3-b2d3-41f2-925e-0cc6f694771d.jpg,""
media/24f4e3d4-426e-4c59-8d98-efb8ab59e064.jpg,""
media/5b48f413-293b-4aba-aee5-85ea971cb32b.jpg,""
media/4f1c17ff-7663-47a0-8cc2-027816d96b67.jpg,""
media/49B8BA62-DF41-4D02-B02C-1EF28DE7C787.jpg,""
media/D9E6A518-58D8-49AD-8B93-75A6AE01B547.jpg,""
media/776FF5F9-DD32-4080-BBCB-3986B3AC6EAD.jpg,""
media/C3580F0B-86C6-4156-9D08-25D19BBD750B.jpg,""
media/74FA2A77-171F-459E-B9D2-90FC723E6824.jpg,""
media/8EA7A888-F4A3-47C2-90DD-FFA177767AEA.jpg,""
media/A94250CF-0184-47B2-B4FB-AAF8D18FA12D.jpg,""
media/73869E4D-5952-4DFA-B4E4-8B7CCD2E6BFB.jpg,""
media/C2117556-A451-436F-A80D-42EDCACD816D.jpg,""
media/42452DAF-D3F2-425B-9578-4B24D13D8F15.jpg,""
media/4AE61959-0157-4352-8E25-1ECE0764605F.jpg,""
media/5A044628-A27F-4CCE-B412-5D0200E9C404.jpg,""
media/BA79E22F-E7AA-4B84-A258-2D2061CC1403.jpg,""
media/DA9BDAE8-21C7-4B8A-9EF8-6562433B1BA3.jpg,""
media/A443ADF4-7988-4C2E-AAAC-DB684C48BC90.jpg,""
media/252539F0-50C0-40C1-A98D-9DF5FCFB2513.jpg,""
media/5D7FCFE8-681E-40C7-9E6C-B332C161107F.jpg,""
media/670651DA-3A3B-4339-B069-819A1AC594AD.jpg,""
media/EDAFFF30-67FF-40E8-85A5-CF8079C55FF8.jpg,""
media/5A0257C4-8959-4D4B-8434-794AD3939C93.jpg,""
media/A10F5C4F-9965-4DA8-8293-F34B09732554.jpg,""
media/A19D28F5-CF54-4A29-9F2E-DF506A8604DD.jpg,""
media/D484CC08-ADDF-4B77-AEE3-0D653546446A.jpg,""
media/884D814E-D5B7-45DA-AF97-863B0575D528.jpg,""
media/B613C8BB-78E6-45A9-8253-5C0AEEDC2E06.jpg,""
media/A3CC8F7A-CF24-4804-87FF-029FB0181A82.jpg,""
media/402CFB95-D504-4843-97FE-050387E526F2.jpg,""
media/A9944E03-4C5B-42C0-90DA-6F0D62A8B9DB.jpg,""
media/F824DE39-5D7D-488B-B8BC-B4B7BFC52FD7.jpg,""
media/6BF67586-84FE-4A4F-A86C-19189A969FB1.jpg,""
media/359C2B08-9046-48C3-9EBC-4C48AC72D128.jpg,""
media/0F2DBB8F-96E4-4199-9DF5-52EA7526DEB0.jpg,""
media/99F59313-9D64-4722-9AD2-1AAF3FCA356A.jpg,""
media/7DB929ED-C933-43BA-A92A-BB844DC12EA3.jpg,""
media/9D13B202-B430-4EA8-AE37-B7A38CA730DB.jpg,""
media/9480712C-CC51-42D2-B1E4-B4BD4ACC1610.jpg,""
media/80686E20-1399-46E3-A446-A0F260D92BCB.jpg,""
media/E01E099A-E99A-4288-BE17-EE9822814572.jpg,""
media/5BBA089C-7798-4064-AAD0-1DEC41D3A2DA.jpg,""
media/9ff3eb45-64eb-4501-b900-b5cba79ba788.jpg,""
media/71DBEB77-68E0-40D8-8831-B53126D9A675.jpg,""
media/6859DD79-F714-4F8E-83B8-2D8926F52506.jpg,""
media/5BC4E284-533E-4B28-9E69-D187DE47ACD2.jpg,""
media/C28C6EDF-6C51-47F8-B6CF-622B9D8E8D19.jpg,""
media/4B04732A-E83F-41C5-B953-7BF5DFD5A0B9.jpg,""
media/99E24A97-E534-4AFB-9651-5AE99954B75D.jpg,""
media/00E569BA-8385-4957-813F-780E225DCEB0.jpg,""
media/B38B1D31-80BB-4848-9C56-C9C99945C328.jpg,""
media/74393342-6FA0-4857-B6B5-AC8ADD87FD56.jpg,""
media/09D80219-A529-4D07-B76C-5E6CFE86BDCA.jpg,""
media/CF69A0E8-24BC-4585-A9E8-B3AD167F74D1.jpg,""
media/E17CB854-4880-4DCB-9C2B-FA9BDC4209A8.jpg,""
media/908BFD80-0DAE-4101-8E41-59D910E36C95.jpg,""
media/F9D6D46E-E9B4-47E9-8967-A73BE2BF6F9D.jpg,""
media/6F51C1AB-34EF-478E-91BD-737FFBA1D5EC.jpg,""
media/6C6C1F9C-A5CE-4F12-AB99-4BD233CD6367.jpg,""
media/2E869724-56AB-4D25-B06B-81E1341B2DEC.jpg,""
media/731674CE-0330-42B9-B3F4-F36897663196.jpg,""
media/E302768F-E738-45E3-B9FB-9A5E23BA0DE5.jpg,""
media/EF54099C-7861-49D3-9098-618F6E0EFEC3.jpg,""
media/CCCD6DFB-0AD0-45E2-A92A-6CF916DF9E19.jpg,""
media/AB91CBCD-C5CD-4C4E-81B8-B4FBB48F4297.jpg,""
media/416B4CD2-9521-49E8-BA58-49179BC2F639.jpg,""
media/A68F429A-4E9F-4818-A1BC-090F70768356.jpg,""
media/09335EBB-AD02-4A61-A2FC-B741EA593EF6.jpg,""
media/3DFD3088-9796-4F10-A7EE-07E2F2F6A101.jpg,""
media/65327A49-AB21-48A0-9EE5-7434EF456CA9.jpg,""
media/EB20D731-2517-4AD0-8B4E-9D69D14955FF.jpg,""
media/92FF79EC-ED6C-4B4B-A84F-8E371B7F9D33.jpg,""
media/3718E995-291F-428C-B1FC-7905FF71E86E.jpg,""
media/E851F0E2-AE99-437A-92F8-279B1F17DAE0.jpg,""
media/B44DB26E-0D69-4F77-AD5E-88A193F63EB8.jpg,""
media/8A10532B-721B-46F7-9EB7-D463482482A9.jpg,""
media/95B77EFB-2E59-47AC-BA5E-47E580A42E7D.jpg,""
media/39085077-4B3F-4593-8020-2656326C4BBF.jpg,""
media/52EE5C7E-3957-4C7C-BF63-E12029F0E611.jpg,""
media/04607168-D99C-4A28-8D5E-E8C1B209F074.jpg,""
media/B7B372DA-EDA6-4697-9F73-771D9D82F361.jpg,""
media/D4C37ACC-46F0-4E21-9823-F8386327DFFD.jpg,""
media/29CB1705-7604-4B3F-A17B-88F6DF393B7D.jpg,""
media/5CE83750-C581-4136-8EAD-582C53AEDF9A.jpg,""
media/69F43E31-FDD8-49E5-80BE-AE6E003EF9BF.jpg,""
media/7BBDE221-43B1-48E4-AFD1-150255F1F57C.jpg,""
media/9CE89ED4-2343-44A2-BBCA-A1C6DBBFA8E8.jpg,""
media/2B6528A1-FCFB-4A3D-A576-6F0B622F93EA.jpg,""
media/6E6D819A-9917-48BF-A286-9DCF31968878.jpg,""
media/8C892C1C-941E-475E-98AC-4E408A1CE477.jpg,Kukelekuu
media/05F36C64-150A-4947-B554-2B66C468A7DD.jpg,""
media/C1C4851F-186F-40D4-89C3-331B29DB123B.jpg,""
media/C951808E-15E5-4005-AA60-D7705F2A7D91.jpg,""
media/050909C9-B22E-41A1-A377-0A7DEC9753C9.jpg,""
media/4ABDF329-37A1-4D96-9E0C-6033095402EC.jpg,""
media/EB90127B-F6E5-4CFF-BF7E-61F58BABFF88.jpg,""
media/06AAA8B9-536B-4E69-A573-1E5E66A01F3A.jpg,""
media/7FA333F8-A064-4F87-8238-D0539E6E44DE.jpg,""
media/18FE38EB-CB72-483D-80F5-84C4A6038A85.jpg,""
media/3C943C20-29E2-4E52-98E2-319AA8EBBD82.jpg,""
media/4DEF12B1-3A62-4390-958F-FCF12C721A4E.jpg,""
media/2A257CF7-2763-4CBD-84C7-2478C72A2058.jpg,""
media/8801DDAF-0771-4D54-8B96-D1F5C9A1D516.jpg,""
media/95B08829-2FF7-4393-B850-E6002B5083C7.jpg,""
media/7FFEA711-8EEF-44B1-9D6A-95E143AF2CCA.jpg,""
media/8081CFA8-AECB-4F67-B5E1-8D4AE448332A.jpg,""
media/0743B07B-7FBB-4C2E-8F26-419559E74397.jpg,""
media/91F15CC2-A471-4C66-B252-1AAEBF163F8F.jpg,""
media/F94AC137-A7FC-4BD0-901F-BB04AE48190A.jpg,""
media/6E3E702D-F54C-4F2C-B817-7A2F612C6A9F.jpg,""
media/CAB2CA75-1E98-46D0-9B0A-CBD67C79CFDE.jpg,""
media/D813A3FF-4B59-4872-9AD1-17353602D1E4.jpg,""
media/C3E5F1BB-0C91-45DF-B297-4FB371676E39.jpg,""
media/95963951-55B2-484C-AD45-82A91C1483F9.jpg,""
media/1B2EC14E-C688-4F29-A627-D467E403A126.jpg,""
media/E9E30DE0-5E75-4246-BF40-CFDAFCA5EB76.jpg,""
media/C751BB7E-899F-4D7C-A1CB-7B7EE669AE10.jpg,""
media/84E81866-0A67-43B8-A048-B3376377343D.jpg,""
media/CA040BE6-3067-4BD3-ADA6-9AA2F29D387D.jpg,""
media/53A729EB-2076-4C85-84A6-110CF22D4F3F.jpg,""
media/8AC2950D-531E-4127-B4AA-3817847D3A9B.jpg,""
media/E0378A23-62BC-488C-BBA2-BE8648C0A42A.jpg,""
media/6303C1CC-F26C-4D9A-B44E-EF4EDFC3CB0A.jpg,""
media/fe3236bc-90b3-469e-9459-3e2bd9960086.jpg,""
media/645923de-0160-4378-ba57-623ac038d65b.jpg,""
media/413f905d-a891-4a14-a189-ddd9fc84e422.jpg,""
media/7365005f-c770-436a-8344-925fb8e4f93f.jpg,""
media/EFAB473E-896B-4D55-9623-B40A216296F1.jpg,""
media/EB4C6834-DA8B-44F1-861C-7878F7FA6683.jpg,""
media/28923CFF-3168-4190-8CA9-768ED137239D.jpg,""
media/9893D0B3-CB23-45B1-85F0-A87183697072.jpg,""
media/E8996215-DEA5-4A15-85D2-82ED5BFE811E.jpg,""
media/8E9144B9-E037-4CE5-AB46-F0DC72F09FDA.jpg,""
media/77970312-585D-43EC-B067-8CDEF83167BC.jpg,""
media/6D90E136-EED3-45D7-A4F3-528827FEAA23.jpg,""
media/e628fd86-c7e4-412b-b3c4-475b832b295d.jpg,""
media/0722CDB5-C81D-435F-AE5F-B2C6F0FBAD2F.jpg,""
media/3ADF236B-A254-4DF9-A7FF-A48F53BE096E.jpg,""
media/DD895F9F-0903-4C9F-B5FA-7849AC6CB07F.jpg,""
media/25313045-6D37-40A5-B5E5-5EC5E254A033.jpg,""
media/00C29A62-488F-4082-98F8-0CF03E5FC76B.jpg,""
media/9f7f9233-178b-44b2-8c04-584cd9967a95.jpg,""
media/D02D9DFD-44AD-42A7-B0FA-F978F2A14CD9.jpg,""
media/5B6D9B46-8826-43C5-881A-FF659A8C75F6.jpg,""
media/95A618D4-2D8A-4BF7-B1D2-29463192012D.jpg,""
media/A97DDCB4-4DEB-469F-8D70-5CB4BBC647A8.jpg,""
media/744FE425-919A-440C-B318-A0D2D979D5EC.jpg,""
media/7A308BFD-E4B3-4DF7-A91D-2171F65C3E8A.jpg,""
media/99E10152-6B72-4309-9539-F723F1F5242C.jpg,""
media/A3FB2D92-1DEB-4745-9494-B095FB75F81E.jpg,""
media/ACF72717-BF9C-42A5-A3B3-80714D37A024.jpg,""
media/A9788FC3-058C-4C11-892B-5B09170E90C8.jpg,""
media/6875184C-718A-40F7-9BE1-7F9E46A5FABA.jpg,""
media/2084D14A-6CCD-4713-B8EF-64373D600A33.jpg,""
media/F39D23F6-19E5-4559-8D79-A37C74A945A6.jpg,""
media/028D7DA0-9BE6-41E3-BDCD-272E2AD84285.jpg,""
media/F8E2ED75-6105-47EB-83CC-FBA526B2C8E4.jpg,""
media/12BA1F33-4C68-499C-B4DF-54E6BCE9A3B0.jpg,""
media/1D15ED53-DFC7-410C-AD38-6C55C9637903.jpg,""
media/EE34201E-3D94-450F-B74A-C2F75CD439F6.jpg,""
media/A64D3A95-B8AE-4C78-881D-B0B3AE78A729.jpg,""
media/33250CB6-8C65-4DCE-8439-C999188A0510.jpg,""
media/B2506901-9236-4E24-A683-D7DEF9F4C2E0.jpg,""
media/00ec8f9a-1b63-4454-931d-dd00ef1c3342.jpg,""
media/0600EFBB-E920-40FA-85F6-4C616C0EC78B.jpg,""
media/152109B6-682B-4712-917D-98999B029AD0.jpg,""
media/8EDAB7D6-F762-48C8-AB4A-537CE69B968E.jpg,""
media/B6279E1E-27A4-468A-AC01-08F522F391F4.jpg,""
media/A04BCD44-54F7-4CF8-81FE-01F01EAB5E57.jpg,""
media/D231A12F-F720-4CFA-9DC1-DFEA70046FC1.jpg,""
media/5C7BC6C2-DD8B-4FE5-9ADE-0346874941DF.jpg,""
media/C934C892-0503-426F-9479-2F5D64A03C9A.jpg,""
media/6B73F4AA-1DD9-4FDD-8907-8284AC6FB519.jpg,""
media/34044C52-D24B-4132-A4CB-BB70C7321AF4.jpg,""
media/BE4EA6A3-18A3-4E5B-A7D0-5F3B9C9A4B42.jpg,""
media/0C4A3585-60E6-4660-B636-4A9F3FF8EE52.jpg,""
media/739AB2F1-9A83-49F3-948B-918A01879609.jpg,""
media/5BEAF837-B3E3-4C34-A347-9572FD89D0C3.jpg,""
media/E8CA7F43-19D1-4EA3-B661-E8FC9884DE65.jpg,""
media/B693DB1E-0F2A-492D-AE9A-24764A5A6011.jpg,""
media/A71C4AAD-7305-45AF-BE58-6A8E5F533272.jpg,""
media/1FE25992-1E4B-46FD-A41E-FF7AB60BBA1D.jpg,""
media/40345E27-30B1-4DC3-B0F8-9AE3864D27D9.jpg,""
media/9B305687-31A5-47B2-BD29-9269946AA512.jpg,""
media/7AF23632-4610-47C3-BF32-85A361553F18.jpg,""
media/885EE3C1-46E3-4C92-8466-D6DD2808FCD0.jpg,""
media/9C22DE93-FCF9-4F66-9DF9-2BBF4F41B955.jpg,""
media/5DB9397A-2091-4459-AC1E-D63B6214E932.jpg,""
media/FACD9595-AAAD-4C83-8863-666C6581280A.jpg,""
media/9A013A01-5167-4109-92B7-6E06055879D9.jpg,""
media/47144C5C-274D-4263-8601-6EEF226D2221.jpg,""
media/2C26A69A-D7BA-4654-85BE-72CABC524753.jpg,""
media/41645CD8-51FD-4B10-ABED-FB63FB041CB5.jpg,""
media/8203F5CB-77FA-48D6-B890-EBFD897DD16E.jpg,""
media/D3EAFAE3-B9B7-4979-8F41-16A586DE2579.jpg,""
media/7C605AD9-6D65-4E71-AF51-AD39B9DB5352.jpg,""
media/76B9E9FD-9F0B-4B2C-AEFD-8D67E5700223.jpg,""
media/3755C893-EE49-4895-9B74-3774A8FFD27A.jpg,""
media/62ad9dbd-d7c3-45a8-9840-7119fef0ef88.jpg,""
media/83869e4a-89c0-4044-ad0e-d14806023ec6.jpg,""
media/2b439ced-9f30-49eb-b752-c9c00e53e0cc.jpg,""
media/20ad371e-06c0-462b-832a-5ec2e6fd561c.jpg,""
media/bd02019a-6abf-4ff2-ad29-8a79b9b09c7f.jpg,""
media/74c0928e-3592-4ef6-99c5-dadd821996ba.jpg,""
media/adc35136-efe8-4432-ae57-404f022b541a.jpg,""
media/9578fc11-44b4-4ef1-a34b-b4ba333a9029.jpg,""
media/dde1163e-fac2-4e5c-bdc1-59d990f206fa.jpg,""
media/d8924fde-805a-475a-8a17-bead3edc7f81.jpg,""
media/3e38e48c-8026-4340-b77a-47512afd8cf7.jpg,""
media/7fe0e9cc-542e-4825-b42b-1bea29c5e84f.jpg,""
media/f8139199-a8af-4532-b9a7-4f25b23ce821.jpg,""
media/7138b3af-adb8-4948-922c-a4ba5922c768.jpg,""
media/fd124a30-7d8a-4f25-a050-18be29a832b2.jpg,""
media/c42464ff-781c-4ea9-a2b0-77b1998eb6db.jpg,""
media/0228e11f-976d-4dbb-bf65-3f2010c14bb9.jpg,""
media/db02a472-b2fd-49a6-a21a-509bfcb0f8da.jpg,""
media/1ec7581b-c3fb-4725-809d-08bdd2d84fb3.jpg,""
media/a2352ac6-1098-4d3e-922e-760bd9a572a0.jpg,""
media/d624500c-8197-4085-b983-0e0b366b5159.jpg,""
media/20474497-ab7e-4c32-9deb-d2f1aa599c59.jpg,""
media/698f4135-2c39-42e5-95b3-06e9abbd19bf.jpg,""
media/c740eeb5-445b-465b-a3da-68676ae4f127.jpg,""
media/ab9d5ed7-33b3-4d49-ba6b-44aa4f2048d0.jpg,""
media/3b59877b-8c9c-4b2b-a1b9-ab8b8146bbdf.jpg,""
media/8aabc987-10d7-4eb3-8517-38a797355103.jpg,""
media/8c3b9b4a-3452-4091-844b-4b64bc03e71b.jpg,""
media/1b3bef82-1a44-4126-a729-03fb05a1da0a.jpg,""
media/22d1964b-92cb-4405-b061-ac6095dce3e3.jpg,""
media/650462ed-d1c0-4d29-88ef-031b039786d4.jpg,""
media/0f6e9df4-8cfa-48f2-b6c0-8dbd8c8d1365.jpg,""
media/053f37dd-39b0-4b30-9ee1-99325cb0ad1f.jpg,""
media/3ccaded2-8009-439d-a305-9acf5e4664ff.jpg,""
media/86c99f66-26a9-45e2-b908-a518149dc5d7.jpg,""
media/c8366618-dc90-4c1f-8bb0-251389adbade.jpg,""
media/77cc6aa9-3e03-4b37-ae20-b9328dd7ef45.jpg,""
media/306c13a1-8c07-40c5-9c04-89c20e983686.jpg,""
media/648845d3-ae38-466c-9d78-2c749f53b49f.jpg,""
media/2e0036dc-2165-4af5-ad71-675c19b5b41a.jpg,""
media/b223a39f-1beb-457a-baf7-d269a9d538a5.jpg,""
media/7fb2768d-34a4-4cde-ae59-94dae0724540.jpg,""
media/b4d5bab0-036d-4871-8dda-5175c27d21bc.jpg,""
media/39e47e32-acbb-46ac-860e-baa22a48b081.jpg,""
media/891e6e63-a40c-4e28-9be9-93787bf6ec72.jpg,""
media/2439977e-222c-45ec-bd46-51032e38d147.jpg,""
media/1f38b802-b045-4a59-afaf-de5d8707d62a.jpg,""
media/65b52b0c-2d9c-4a6e-8536-ab7fed9acee0.jpg,""
media/201bb61e-769e-410b-bf41-ee77443fe7c8.jpg,""
media/4cac8b2b-67b8-42a5-9cf2-24c0675073ff.jpg,""
media/82305ee6-b4a5-446c-8323-3c052320925e.jpg,""
media/96f3346f-a2d3-41ae-9ac4-775bbb8c00e1.jpg,""
media/4ae5231a-931f-4328-a971-b391c6d704b3.jpg,""
media/6e7b2a54-e8e3-40a6-8b5b-58359262010f.jpg,""
media/8b447e8c-4298-4464-8cde-6569f68b0331.jpg,""
media/856d7ae6-08d2-4526-bb65-69b6b9131a56.jpg,""
media/65bee9b7-70af-4288-9005-943783b39197.jpg,""
media/ec5fbc29-8418-4f26-8284-7ea69b14b807.jpg,""
media/dc4d0dc9-9adb-4e62-a25e-c4b94781d1e6.jpg,""
media/242e7ecf-9896-4347-b423-6a18e2b89b3b.jpg,""
media/6c680f02-333c-4156-a13c-89eac7f7552a.jpg,""
media/b115550c-d6fb-4521-ab6f-2b7ea9c16d5d.jpg,""
media/c5c6ef97-f019-4eab-8200-88292caae635.jpg,""
media/2ecfd23c-8475-49cc-86af-7ffc7f3dce9b.jpg,""
media/a2a26125-e4b6-4a3c-b8c6-70c056f891aa.jpg,""
media/b8ca470e-d29a-4922-a00f-e80344b43ebe.jpg,""
media/f83774e0-30f5-43c0-a32c-3980b64f02ef.jpg,""
media/e43f10ab-0218-46cd-8697-53d3ecd72184.jpg,""
media/cfbea62a-896a-48aa-801d-bbf4e8ecfdd2.jpg,""
media/acf39417-119d-4c9e-be69-ffb86ea4dfbb.jpg,""
media/083b27b3-b70b-4c4f-9a22-c35d35dc47e1.jpg,""
media/a17519f6-e02e-4d5b-8d8b-ed7e60e5d81b.jpg,""
media/4e2eae14-8bf2-4459-a8d2-e8c1a6027e82.jpg,""
media/cd6cec70-4b5e-433e-ac73-0815bb475c90.jpg,""
media/38d2b497-309a-4100-a024-02712bc7e049.jpg,""
media/943f5f45-322d-4259-8bc1-519dc78f6a3d.jpg,""
media/8512b5a1-0c72-401c-aed8-33ff192eaa5f.jpg,""
media/2a6249f4-efc0-4c55-9439-04dd233ca4b9.jpg,""
media/a96e023d-e43e-4cfa-b6c8-a4ae44942bf5.jpg,""
media/c21ae7bb-a1e5-4aab-9f9e-4bb3fa246d34.jpg,""
media/dffcf9b4-10e0-401d-a2fd-a46623b9989a.jpg,""
media/a8e657bb-5390-482d-a195-1096711312fd.jpg,""
media/f83afb59-afe3-4008-b19e-0063142c9ca6.jpg,""
media/9caa41d5-e17c-43ec-a88d-6b47c1c003c4.jpg,""
media/400f5bc0-f06a-4eab-8d51-9df5ebd87074.jpg,""
media/9ee7a9bd-2043-40ba-8707-e174b57e6945.jpg,""
media/ae9f259f-aed4-46bf-98b4-56646354a814.jpg,""
media/83038eb7-ecff-46f0-9b5a-9f080c9aedf2.jpg,""
media/eb9fa466-e91f-4ccf-9c1d-781a8f259423.jpg,""
media/18c6c5c3-65bb-45e3-a45e-fc54d2ed50ab.jpg,""
media/c9a86282-1b38-4d29-878e-9932bd669344.jpg,""
media/a490dac6-4ea8-4ff7-83cb-f63e4f6da15d.jpg,""
media/2ae3b11b-0c40-49a8-9846-c75b33af5499.jpg,""
media/6f88c560-23d8-485a-9c51-0e584ff26ed8.jpg,""
media/64e3e583-46ce-4a03-ba78-d0c88dee3f60.jpg,""
media/22534a19-1cd0-4cf6-a195-e41483998b0a.jpg,""
media/46de8af9-63ca-4b7c-a655-7a1bc73d72ec.jpg,""
media/1f1bf359-a829-4aa5-829b-eaf945908599.jpg,""
media/3934e2d3-0a4c-48d5-90c1-2b1b897ab26f.jpg,""
media/e1fd0c63-8cd4-402c-bbdd-c51172191eb9.jpg,""
media/6e7292a9-a66c-4dba-a665-76c973a91610.jpg,""
media/6e2287c6-4731-4570-8fda-9702cbb9d5a7.jpg,""
media/c2d42ec6-c79e-47b7-85a2-c9780a988b24.jpg,""
media/5bc554e8-26c6-486d-87e3-b2fad8109747.jpg,""
media/91ada505-a2cc-41c5-8504-2fe9786e5997.jpg,""
media/1e7ec17e-f79c-4c7e-8e11-25eed3ba058f.jpg,""
media/9d091318-c1de-4aa3-8425-fd5c552cf9fa.jpg,""
media/8da4d7dd-88fc-4bf8-b2ce-823c9382d3d8.jpg,""
media/ac130ecb-c7f2-47d1-a515-0deb4823e897.jpg,""
media/818274e7-2168-4042-8f78-0b499e8e0333.jpg,""
media/64a70f88-d728-4d94-9574-f50f48e28845.jpg,""
media/a333b339-7a12-40b7-93e9-fc5541a1905d.jpg,""
media/13118389-228e-4dec-aacf-391b3792db63.jpg,""
media/f4963e63-eb94-4847-b7c3-671164ed8f6c.jpg,""
media/416005fa-b38e-4b8d-9099-501abbc8bfec.jpg,""
media/77e5d1ad-ed4e-462f-8736-b6be6b4d4e2a.jpg,""
media/1f0c53db-7445-412c-92db-ca51111071ef.jpg,""
media/599f2864-2da9-4cad-b400-fa078bafc4aa.jpg,""
media/bb8b4746-8ccc-4b3d-8add-7dcdac8d54a7.jpg,""
media/378efcf7-7adb-44bd-91e6-5ac6a2e24b76.jpg,""
media/e78470cf-6910-4c57-99b0-9d42d7384040.jpg,""
media/53601e67-6fe2-4a83-9968-773e83c70562.jpg,""
media/83ec4574-6ce8-4ec7-ab05-86a2845a1bc0.jpg,""
media/614bd180-b0a7-4135-994c-6d7c79c5268f.jpg,""
media/5bb2d961-8ba6-46db-81f5-23324a781131.jpg,""
media/927a5275-c601-41c5-b3ac-81e0a9775b0e.jpg,""
media/bd9d9c56-7028-4e36-b802-bddc290e0fd6.jpg,""
media/1f12c99c-48f0-4793-baec-833c4e89cc50.jpg,""
media/56495e1a-69d5-4fbd-9795-22ed1a76fa08.jpg,""
media/7e5d0013-edc8-42fd-8cfe-cbcb84b14b7c.jpg,""
media/6830301d-27f0-49ea-a087-658a0b82be02.jpg,""
media/85718832-6ef6-4fc2-8507-939a411192c1.jpg,""
media/c0db5921-2917-4eac-b6bc-06ab0764dad1.jpg,""
media/02a6212d-9034-4052-bab5-2bafec473873.jpg,""
media/07415633-cb61-462e-922a-12725f6fc5f5.jpg,""
media/54a2a021-289c-4d2b-989e-3578a034b021.jpg,""
media/5f318399-c1fa-411e-b594-83f48cbc976c.jpg,""
media/f2d8c1a3-3bfc-4481-b3dc-17249a923451.jpg,""
media/cde38c1e-4749-42a5-ad11-ddbe5cb4f8b8.jpg,""
media/f9f67be6-23e7-454a-8d4d-40047f3626e8.jpg,""
media/c39dc9af-a56e-480a-bf58-32374b5fbde2.jpg,""
media/fa4337e5-0dc4-4ec0-b725-730a3593f773.jpg,""
media/1b4c4a38-a9a8-457e-aece-1efcb7e29419.jpg,""
media/20b90782-850c-4740-90dd-26a030c3eb4d.jpg,""
media/f26d3a73-5e4a-4f25-8d0e-17b4d8071791.jpg,""
media/38e3333a-4f1b-481e-9440-d14cb9b1dcd1.jpg,""
media/70459be1-7855-4ac2-83b6-1a2f9dfdcd93.jpg,""
media/773dfd9f-7812-4eae-a7ea-6407364a3867.jpg,""
media/9c92e359-5738-4155-837d-776c168efc46.jpg,""
media/f1f204fb-8688-4001-a9f0-ab2f3238ede1.jpg,""
media/54047189-172d-435f-927c-a8d5dd2d5d61.jpg,""
media/4bba5a29-3ccc-419a-9a21-d23d20185bc8.jpg,""
media/852ccb69-0134-4f26-92e3-da2741f5f7d2.jpg,""
media/127414f7-6df2-43e8-bd59-ea55b9441554.jpg,""
media/7d213bd3-9d2d-4ba8-90e7-3fb3cfbdf539.jpg,""
media/e4601d4d-b231-4f47-98c6-3286cf6c6510.jpg,""
media/3bcb7142-177f-4883-afea-ef2a1d951b7c.jpg,""
media/56faf5c1-e30f-4468-bd42-be8f4911abdd.jpg,""
media/ecdfbae4-e8cb-407c-bd51-adf7e26e6f65.jpg,""
media/163fb07d-17b4-4d25-9a3a-8a1b7f2cf144.jpg,""
media/6493422e-5d99-4e46-a656-8b4a482c7f95.jpg,""
media/6c2d3ddd-9cb9-42c1-ae20-55a02de62388.jpg,""
media/7adc090d-9c46-44e8-addc-bd5c38da325a.jpg,""
media/dd8d9953-78cf-431e-bffe-74f79ab9f73c.jpg,""
media/fe8ab7f5-176d-4390-8670-8fd2147289da.jpg,""
media/2571cf82-190a-438d-8903-a91e953bf759.jpg,""
media/c455c347-1ac4-416b-87ce-5c68418b2c8e.jpg,""
media/16a93e07-1e62-467d-bd20-aaca14ab49fd.jpg,""
media/4a100e68-efb0-409b-8603-08b073cb425e.jpg,""
media/973c33b9-f6a5-4011-8f37-9d4ebe7ab266.jpg,""
media/eab19314-175e-477e-81f4-276fc8eef038.jpg,""
media/3eb8e303-4352-41da-b5a9-25b1e7ccbd50.jpg,""
media/19cec679-7873-4106-a95a-12fb0734fb1a.jpg,""
media/7e6aee99-6b3f-46d1-b49b-cf475c9b0f93.jpg,""
media/cda4acee-8a31-4756-a5f7-38a1f0e947f5.jpg,""
media/28a01352-de84-4250-ab17-70e7d4bb9231.jpg,""
media/93df730e-bcbe-410c-9497-8ded27fc17ad.jpg,""
media/594b3e51-59ed-41b8-a55a-ccf7421b5bf1.jpg,""
media/8579a4bd-6469-49e7-8118-d032a663d20b.jpg,""
media/925dca19-3ef4-475e-95ed-2d3a1c04fc7c.jpg,""
media/b9c6d784-8f18-4acf-af52-a5d8796caf37.jpg,""
media/5e5be9ac-6350-45b3-a98d-1f9adff4cf7c.jpg,""
media/19681ef0-01e2-4f37-8a05-64dee9a154cc.jpg,""
media/66af6de3-6670-48d4-aa0d-abbb970d8968.jpg,""
media/e1f589aa-84cd-4140-b0aa-74e1186367ba.jpg,""
media/0d95f2ec-2b2c-4ea8-866b-30549c853da1.jpg,""
media/4ddcf4bc-c748-48d2-aa21-365ba436f49f.jpg,""
media/752a164e-753e-4c33-9008-e71e5614cbce.jpg,""
media/3baa3a49-cece-47e1-bdfe-dcfe0627d0e6.jpg,""
media/94b795e8-82b5-438c-b36e-ac94f75d2ae7.jpg,""
media/549b2f75-ff26-4735-811e-dde76ab3d13d.jpg,""
media/96e034ff-8b6b-45a2-8ed6-b812d8e26507.jpg,""
media/bde1dc25-1aa7-4a8f-b885-a7ea52e5fef2.jpg,""
media/4bb07157-4acc-4e65-a92a-613d778592af.jpg,""
media/84f620f0-cb93-40d7-aeb2-317585ef930d.jpg,""
media/c3a0f158-06cf-4b74-a78e-30d7ff92a23b.jpg,""
media/9d9f48d6-b8f0-4686-aad6-466baffbd0a1.jpg,""
media/78fbb8bb-bd14-4d2f-88b6-c5478939cdae.jpg,""
media/e1c2ef05-543b-40f2-af0e-f8d71b248557.jpg,""
media/8764bf69-64ed-4e55-8ac3-6fcc47234715.jpg,""
media/944a2118-449b-4881-8d84-5116909d9c5c.jpg,""
media/55a8a822-a787-47da-a647-c3a7cb366202.jpg,""
media/76c91f0d-968c-40b8-b0de-c536c127d16b.jpg,""
media/77864b69-477a-46ee-9beb-ab9adfd1d2eb.jpg,""
media/0c1da757-dfeb-41bb-bf02-0191d299963b.jpg,""
media/a5aef3b4-52a9-49e7-b322-c3fc9b940982.jpg,""
media/c6c7eaaa-ab08-460e-bfa0-2e027b0bd6d9.jpg,""
media/2a645ad4-226d-4542-b67a-c9594bce802a.jpg,""
media/398db002-1f14-4164-916b-449e46cf6b1e.jpg,""
media/1b9b6235-829b-4e31-9ea6-a9a6d4412f57.jpg,""
media/677322cf-5477-4e08-958b-49dd4770bea4.jpg,Möö
media/b36d19bd-d39f-45ee-acb7-e48266f517a1.jpg,""
media/58505287-7009-42d5-949b-faa822586a6f.jpg,""
media/78700f4b-0347-4e22-bf57-3f6ef5cdbaa4.jpg,""
media/989aa017-facd-4985-b52c-ac3a94f60e38.jpg,""
media/80968b51-3eb1-4217-8550-da5095bd9dde.jpg,""
media/3f8861ed-e228-48e4-b921-c8d61f40a5b9.jpg,""
media/7b0286db-6e40-4d11-9420-4100cdcd4ec8.jpg,""
media/4f6aa54d-a5db-46d5-9d13-b9d4c43f83a5.jpg,""
media/5dd8cf18-ff09-47a1-8736-80feab0dc8e0.jpg,""
media/eba91cf4-7c58-4933-b574-ba3d5edc1405.jpg,""
media/8131de31-ff3a-4083-bdc9-b6ee299e1a4d.jpg,""
media/f8eb990a-c475-4d37-9b77-fcd9a13557d7.jpg,""
media/7ce00117-015e-4d09-ad55-37086fd41e15.jpg,""
media/68bb4997-691a-4273-a012-3561f3d960a3.jpg,""
media/8d7dc55f-2fb6-47e0-a603-5db01caf0f7c.jpg,""
media/56d0565c-812b-46ff-a8ef-373c2e8108a7.jpg,""
media/110a51ee-6c8c-4a1c-9eea-4997418353f5.jpg,""
media/6bd675aa-0f8d-4932-902b-f3d241446b4f.jpg,""
media/2f7309d9-bde6-4cc0-b39d-9b95371a6704.jpg,""
media/c94717f9-bd31-449d-a149-ed8065247b47.jpg,""
media/8e01fa4d-9252-4e66-a61d-7635d2519430.jpg,""
media/b5cc7b68-ff35-431d-8e35-33970ae25dff.jpg,""
media/6f7dede9-0d89-41e5-b414-b65b5dd2b109.jpg,""
media/70633b43-ab3a-40aa-aba5-fbc896f621c9.jpg,""
media/26b7d5ec-bf5b-40d5-8245-b8a8014029a8.jpg,""
media/1a0ab6dd-c79b-4f92-9f45-a2e1f902de57.jpg,""
media/d066c28d-7823-44e4-9dec-085f659508b3.jpg,""
media/b4943d77-3663-459c-bd6a-0f1e9439673a.jpg,""
media/3080d783-b51c-4a39-8102-f74ab7a2a135.jpg,""
media/587424d1-c24c-442e-85bd-d47d244d2f6d.jpg,""
media/eb3623c2-aaa2-4eb0-9b71-40eb00709a4e.jpg,""
media/379d56ad-c4fd-4278-bd77-df7ccd305c41.jpg,""
media/848ce436-8fb7-480d-ae1f-2ba74342b50e.jpg,""
media/6e9f6143-e065-4a67-9e96-95e8ce08570d.jpg,""
media/f07c5544-59ad-4d2a-a7d5-68067b80c796.jpg,""
media/23ae12b9-d341-47a4-94b4-a22d8cb67c7c.jpg,""
media/ab414164-f1f3-4d12-ac8f-ffd576f49d86.jpg,""
media/4270b106-5fae-47c4-8896-7f1306f00177.jpg,""
media/f86a4778-ac33-4c47-b87f-8ba2e4b289da.jpg,""
media/3d67908d-18b8-4235-9576-d76cd3045bc6.jpg,""
media/9b856613-4500-40a7-b790-a70e405722db.jpg,""
media/448304ba-33db-4787-ad8e-399cd8a8ed38.jpg,""
media/dea73295-ffd3-4543-bd25-18a7de0126f5.jpg,""
media/ebc35cf0-ccdb-4257-b775-5fc05457ad97.jpg,""
media/12691185-c160-4812-893f-bd8984c2d680.jpg,""
