Order Number,Plan,Total Price,Created At
fc8ceeeec1,Annual Plan,"There was an issue exporting, please contact support.","Jun 20, 2013, 9:13:39 PM"
623282bdf7,Annual Plan,$59.00,"Jun 22, 2014, 6:01:12 AM"
6fcf515a12,Annual Plan,$59.00,"Jun 21, 2015, 6:00:51 AM"
493d750944,Annual Plan,$59.00,"Jun 21, 2016, 6:00:48 AM"
ccdae82877,Annual Plan,$59.00,"Jun 21, 2017, 6:02:40 AM"
415d5d028d,Annual Plan,$59.00,"Jun 21, 2018, 6:00:40 AM"
fcbdc1b4b2,Annual Plan,$59.00,"Jun 21, 2019, 6:00:21 AM"
c554ced56f,Annual Plan,$59.00,"Jun 21, 2020, 6:01:12 AM"
4872ebbbf9,Annual Plan,$59.00,"Jun 21, 2021, 6:01:36 AM"
00d3bc1d33,Annual Plan,$59.00,"Jun 21, 2022, 6:00:54 AM"
9eae94a931,Annual Plan,$79.99,"Jun 22, 2023, 7:02:39 PM"
1b2a4f3c-e575-40dd-af80-39e50ba6b338,Annual Plan,$79.99,"Jun 22, 2024, 7:01:41 PM"
42cf93bc-ac11-452b-8fa6-3b5d5a5983a1,Annual Plan,$79.99,"Jun 22, 2025, 7:03:07 PM"
