Shoe Name,Shoe Brand,Shoe Model,Shoe Default Sport Types
,Mizuno,Wave Ultima 4,""
,Salomon,Cross Max,""
,Salomon,Speed Cross  2,""
,Brooks,Ghost 4,""
,Brooks,Ghost 6,""
,Nike,Free 4.0 Red,""
,Mizuno,wave universe 3,""
,Mizuno,Wave Ultima 2,""
,Salomon,Speed Cross 3,""
,Inov-8,X-Talon 212,""
,Mizuno,Wave Ultima 4 Blue,""
Brooks Ghost 6 Red 2E,Brooks,Ghost,""
"",New Balance,980V1 PG,""
"",New Balance,980 YG,""
"",Mizuno,Wave Ultima 4 Blue,""
"",Mizuno,Wave Ultima 2 PG,""
Blue,New Balance,1080v5,""
"",New Balance,980V2 BB,""
"",New Balance,1080V5 SP,""
"",New Balance,1080v6 BG,""
"",New Balance,880v5 SY,""
"",Salomon,Speed Cross 3 RY,""
"",New Balance,1080V5 SB,""
"",Salomon,Speed cross 3 BY,""
"",New Balance,1080v7 BY,""
"",New Balance,880v7 BY,""
"",Mizuno,Wave Ultima 4 Blue,""
"",Salomon,Sonic Pro 2 R,""
"",Salomon,Speed Cross 3 GY,""
"",Salomon,Speed Cross 4 BG,""
"",New Balance,880v7 BG,""
"",New Balance,880v8 GP,""
"",New Balance,880V8 BY,""
"",New Balance,880V7 BP,""
"",New Balance,880V8 HP,""
"",New Balance,880v5 SY,""
"",New Balance,1080v6 BG,""
"",Salomon,Speedcross 4 Blue Lime,""
"",New Balance,880v8 GP,""
"",Salomon,Speedcross 4 Dark blue,""
"",New Balance,880v8 GP O,""
"",New Balance,880V10 G,""
"",Salomon,Speedcross 5 b,""
"",New Balance,880v10 B,""
"",New Balance,1080SP5,""
,New Balance,880v5 SY bd,""
"",New Balance,880S11,""
"",Salomon,Speedcross 5 b (2),""
"",New Balance,880M11,""
"",New Balance,880h12,""
"",New Balance,880E12,""
"",New Balance,880L12,""
"",New Balance,880G12,""
"",New Balance,FuelCell SC Elite v3,""
"",lululemon,Chargefeel 2,""
"",Salomon,Speedcross 4 BY,""
"",Salomon,Speedcross 6 bw ,""
"",HOKA,Bondi 8 SQB,""
"",Salomon,Speedcross 3 ora,Trail Run
"",HOKA,Bondi 9 RLTT,""
"",HOKA,Bondi 9 albst,""
"",New Balance,880G13,""
"",New Balance,880X13,""
"",HOKA,Bondi 9 VCH,Run
